8ndyb9L0MJJjfM.png,230,230,4
bodyparts,eye-left-open,eye-left-open,eye-left-close,eye-left-close,eye-right-open,eye-right-open,eye-right-close,eye-right-close,nose,nose,mouth-left,mouth-left,mouth-right,mouth-right,mouth-low,mouth-low,tongue,tongue,ear-left-start,ear-left-start,ear-left-middle,ear-left-middle,ear-left-end,ear-left-end,ear-right-start,ear-right-start,ear-right-middle,ear-right-middle,ear-right-end,ear-right-end,withers,withers,prosternum,prosternum,elbow-left,elbow-left,forearm-left,forearm-left,forefoot-left,forefoot-left,elbow-right,elbow-right,forearm-right,forearm-right,forefoot-right,forefoot-right,stiffle-left,stiffle-left,hock-left,hock-left,hindfoot-left,hindfoot-left,stiffle-right,stiffle-right,hock-right,hock-right,hindfoot-right,hindfoot-right,tail-start,tail-start,tail-start-middle,tail-start-middle,tail-middle,tail-middle,tail-middle-end,tail-middle-end,tail-end,tail-end
coords,x,y,x,y,x,y,x,y,x,y,x,y,x,y,x,y,x,y,x,y,x,y,x,y,x,y,x,y,x,y,x,y,x,y,x,y,x,y,x,y,x,y,x,y,x,y,x,y,x,y,x,y,x,y,x,y,x,y,x,y,x,y,x,y,x,y,x,y
0,36,84,,,,,,,28,72,,,,,,,,,57,98,65,100,69,103,,,,,,,69,119,,,37,123,26,109,13,102,,,22,88,8,82,40,179,28,181,19,180,30,162,21,171,4,159,63,186,,,,,,,,
1,110,93,,,100,75,,,93,85,93,98,86,87,89,90,,,,,,,,,,,,,,,,,,,100,125,84,106,76,97,,,,,,,99,185,90,199,77,211,74,175,79,192,66,203,,,,,,,,,,
2,,,,,130,71,,,143,60,,,144,80,,,,,,,,,,,,,,,,,,,160,103,174,96,173,81,169,66,143,107,149,86,153,64,156,166,137,177,125,183,121,154,128,164,131,170,,,,,,,,,,
3,210,100,,,,,,,200,88,195,102,,,193,92,,,222,114,220,121,217,126,,,,,,,,,,,194,133,185,118,181,108,181,181,165,187,153,181,,,,,,,,,,,,,,,,,,,,,,